NUM_LIGNE;BUREAU;DESIGNATION;LISTE_ROUGE;ATTRIBUTION;SERVICE;DIVISION;OBSERVATION;a;b
1;;Cass Jagger;VRAI;DDSS;;;feugiat et eros vestibulum;;
2;;Nicolette Kerrey;VRAI;DGFIP;;;eros;;
3;;Liuka Beininck;VRAI;DR;;;in hac habitasse;;
4;;Adara Lucken;VRAI;DDSS;;;eu orci mauris;;
5;;Gisele Sorton;VRAI;DDSS;;;nisl nunc rhoncus;;
6;;Amalie Scorer;VRAI;DDSS;;;enim;;
7;;Sabra Kilmartin;VRAI;DGFIP;;;blandit;;
8;;Moira Gilbride;VRAI;DDSS;;;lacinia erat;;
9;;Marigold Dodridge;FAUX;DDSS;;;mattis nibh ligula nec sem;;
10;;Wadsworth Cramp;VRAI;DGFIP;;;lorem integer;;
11;;Elianora Speake;VRAI;DGFIP;;;primis;;
12;;Stafford Senogles;VRAI;DDSS;;;erat volutpat in congue etiam;;
13;;Eunice Durdy;FAUX;DGFIP;;;suscipit nulla elit;;
14;;Kathleen Lovegrove;VRAI;DDSS;;;sociis natoque;;
15;;Shawna Filpo;VRAI;DDSS;;;luctus et ultrices posuere cubilia;;
16;;Sanders Exter;VRAI;DDSS;;;donec odio justo sollicitudin;;
17;;Danie Leveridge;VRAI;DR;;;orci luctus et;;
18;;Rebeca Pinare;FAUX;DGFIP;;;condimentum id luctus nec molestie;;
19;;Thor Van Niekerk;VRAI;DDSS;;;ligula suspendisse;;
20;;Roobbie Rollitt;FAUX;DGFIP;;;augue;;
21;;Bennie Agneau;VRAI;DR;;;quam;;
22;;Clarette MacQuaker;VRAI;DR;;;morbi odio;;
23;;Darsie Frape;FAUX;DGFIP;;;nulla suscipit;;
24;;Sari Ferrillio;VRAI;DDSS;;;est;;
25;;Marisa Rizzardini;VRAI;DDSS;;;nec;;
26;;Ax Absalom;VRAI;DDSS;;;nam tristique tortor eu;;
27;;Ivie Scarre;VRAI;DR;;;ipsum primis in faucibus;;
28;;Susanetta Bencher;VRAI;DGFIP;;;mi nulla ac enim;;
29;;Mel Sansome;VRAI;DDSS;;;lectus;;
30;;Codi Dutnall;VRAI;DR;;;id lobortis;;
31;;Thedrick Issitt;VRAI;DGFIP;;;ipsum primis in;;
32;;Regen Kob;VRAI;DDSS;;;ultrices libero;;
33;;Tildie Spolton;VRAI;DGFIP;;;morbi vestibulum velit id;;
34;;Albie Charlon;FAUX;DDSS;;;primis in faucibus;;
35;;Kennan Papes;VRAI;DGFIP;;;dictumst etiam faucibus cursus;;
36;;Ardelle Ord;VRAI;DDSS;;;faucibus orci luctus et;;
37;;Ginni Crut;FAUX;DDSS;;;dui nec nisi volutpat;;
38;;Worth Weyman;VRAI;DGFIP;;;velit;;
39;;Meghann Saunier;VRAI;DGFIP;;;faucibus orci;;
40;;Tessi Pickerin;VRAI;DGFIP;;;quis;;
41;;Bobbette Dandison;VRAI;DDSS;;;curabitur at ipsum;;
42;;Odella Dickons;FAUX;DR;;;sollicitudin;;
43;;Issy MacGahey;VRAI;DR;;;nibh fusce;;
44;;Lissi Fursland;VRAI;DDSS;;;pretium nisl;;
45;;Carilyn Varrow;VRAI;DR;;;iaculis congue vivamus metus arcu;;
46;;Jillane Elrick;VRAI;DGFIP;;;non mi integer ac;;
47;;Abbi Gauch;VRAI;DR;;;etiam vel augue vestibulum rutrum;;
48;;Torrey Leavens;VRAI;DR;;;nullam;;
49;;Miguela Cardnell;VRAI;DR;;;tortor quis turpis sed;;
50;;Franklin Belhome;FAUX;DGFIP;;;pede posuere nonummy;;
51;;Roselia Wordsley;VRAI;DDSS;;;leo;;
52;;Grover Delia;VRAI;DGFIP;;;turpis;;
53;;Dunc Marciskewski;VRAI;DGFIP;;;etiam faucibus;;
54;;Lindy Comoletti;VRAI;DR;;;rutrum rutrum neque;;
55;;Hewie O'Shaughnessy;FAUX;DR;;;nulla;;
56;;Lynde Goozee;VRAI;DDSS;;;cras non;;
57;;Redd Sheepy;VRAI;DDSS;;;nunc commodo placerat;;
58;;Hayward Donwell;VRAI;DDSS;;;dui proin leo;;
59;;Darda Likely;VRAI;DDSS;;;justo nec condimentum neque;;
60;;Loni Vidyapin;VRAI;DDSS;;;ultrices;;
61;;Harriot McPhillimey;FAUX;DDSS;;;ultrices posuere cubilia;;
62;;Marlane Minchella;VRAI;DR;;;nisl aenean;;
63;;Karlotta Eddie;VRAI;DR;;;hac;;
64;;Hana Mathivat;VRAI;DGFIP;;;natoque penatibus;;
65;;Kaela World;FAUX;DR;;;pellentesque eget nunc donec quis;;
66;;Kare Garbutt;VRAI;DR;;;bibendum imperdiet nullam orci pede;;
67;;Missie Veare;VRAI;DDSS;;;nulla tellus in sagittis;;
68;;Jaymee Slayford;VRAI;DDSS;;;vulputate ut ultrices vel;;
69;;Ottilie Petrushanko;VRAI;DR;;;viverra diam vitae quam suspendisse;;
70;;Mae Crosland;FAUX;DGFIP;;;faucibus;;
71;;Delmor Lardiner;VRAI;DGFIP;;;ut ultrices vel augue vestibulum;;
72;;Dulcy Gomery;VRAI;DR;;;risus semper porta volutpat quam;;
73;;Latisha McAvinchey;VRAI;DR;;;imperdiet sapien urna pretium;;
74;;Dulsea Palek;VRAI;DR;;;amet erat nulla tempus vivamus;;
75;;Angeline Bettison;VRAI;DR;;;libero nam dui;;
76;;Teddi Bumphries;FAUX;DR;;;at;;
77;;Fiann Sullens;VRAI;DGFIP;;;at;;
78;;Elicia Richmond;VRAI;DR;;;hac habitasse platea dictumst morbi;;
79;;Chaunce Rack;VRAI;DDSS;;;lobortis;;
80;;Car Shelly;FAUX;DGFIP;;;quis turpis sed ante vivamus;;
81;;Hortensia Deners;VRAI;DR;;;habitasse platea dictumst etiam faucibus;;
82;;Maddie Dooland;FAUX;DR;;;in felis;;
83;;Harald Godlee;VRAI;DDSS;;;cras;;
84;;Madison Bickersteth;VRAI;DGFIP;;;at;;
85;;Pierson Deakes;FAUX;DGFIP;;;nec nisi volutpat eleifend;;
86;;Solomon Squeers;FAUX;DGFIP;;;neque duis bibendum;;
87;;Crissie Pacheco;FAUX;DR;;;curae;;
88;;Jaime Margaritelli;VRAI;DDSS;;;pharetra magna vestibulum aliquet;;
89;;Nert O'Moylane;VRAI;DGFIP;;;phasellus sit amet;;
90;;Kelsy Keel;VRAI;DR;;;quis turpis eget elit;;
91;;Byrann Matteoni;VRAI;DR;;;sem praesent id massa id;;
92;;Darcy Dunsire;VRAI;DDSS;;;in tempus sit amet sem;;
93;;Derrick Basindale;FAUX;DDSS;;;sed justo pellentesque viverra pede;;
94;;Gray Brokenbrow;FAUX;DGFIP;;;tempus vel pede morbi porttitor;;
95;;Nike Bettles;VRAI;DR;;;platea;;
96;;Isidore Vagges;VRAI;DGFIP;;;metus vitae ipsum aliquam non;;
97;;Channa McCaskill;VRAI;DR;;;erat eros viverra eget congue;;
98;;Chanda Walkley;VRAI;DGFIP;;;ultrices mattis;;
99;;Andee Dood;VRAI;DGFIP;;;pellentesque viverra pede;;
100;;Denney Worden;FAUX;DDSS;;;neque libero;;
101;;Vally Loudyan;VRAI;DGFIP;;;tincidunt eu felis fusce posuere;;
102;;Sterling Giordano;VRAI;DR;;;in quam fringilla;;
103;;Kurtis Zucker;VRAI;DGFIP;;;dui proin leo odio;;
104;;Francine Headrick;FAUX;DDSS;;;arcu adipiscing molestie hendrerit at;;
105;;Tuckie Loveridge;VRAI;DDSS;;;sit amet justo;;
106;;Eustacia Doogue;VRAI;DGFIP;;;leo odio porttitor id consequat;;
107;;Shelley Tunno;VRAI;DDSS;;;aliquet pulvinar;;
108;;Dell Evanson;VRAI;DDSS;;;donec pharetra;;
109;;Nanci Hayhow;FAUX;DR;;;magna at nunc commodo placerat;;
110;;Danit Witterick;VRAI;DR;;;vel augue vestibulum rutrum;;
111;;Kurt Reims;VRAI;DDSS;;;orci pede venenatis;;
112;;Lark Garces;FAUX;DGFIP;;;amet nunc viverra dapibus;;
113;;Red Wadham;VRAI;DR;;;non mi integer;;
114;;Nikkie Camilletti;FAUX;DGFIP;;;libero;;
115;;Vida Cundey;VRAI;DDSS;;;libero convallis eget eleifend luctus;;
116;;Lexis Valentine;FAUX;DGFIP;;;ut dolor morbi;;
117;;Nolana Fenn;VRAI;DDSS;;;orci luctus;;
118;;Ollie Raffels;VRAI;DGFIP;;;ante ipsum;;
119;;Tori Shapiro;VRAI;DGFIP;;;sagittis dui vel;;
120;;Aguie Chatres;VRAI;DGFIP;;;morbi;;
121;;Lon Corneille;VRAI;DR;;;turpis adipiscing lorem vitae mattis;;
122;;Ferdinanda Johl;VRAI;DGFIP;;;sollicitudin ut;;
123;;Marna Ledington;VRAI;DGFIP;;;felis donec;;
124;;Homer Brokenshire;VRAI;DDSS;;;at dolor quis odio consequat;;
125;;Jere Pache;VRAI;DR;;;arcu sed;;
126;;Edna De Hooge;VRAI;DGFIP;;;ante vel ipsum;;
127;;Amory D'Aguanno;VRAI;DR;;;diam nam tristique tortor;;
128;;Garek Lofty;VRAI;DDSS;;;adipiscing elit;;
129;;Ignaz Coaster;FAUX;DDSS;;;cursus urna;;
130;;Hayes Daintith;VRAI;DDSS;;;convallis eget;;
131;;Neysa Dunk;VRAI;DGFIP;;;lectus aliquam sit amet;;
132;;Myles Laddle;VRAI;DR;;;odio;;
133;;Galen O'Luby;FAUX;DR;;;rutrum neque;;
134;;Yvor Yakunkin;VRAI;DR;;;ante ipsum primis;;
135;;Adrienne Westwater;VRAI;DR;;;ipsum ac tellus semper;;
136;;Eugenio Cogley;VRAI;DDSS;;;at lorem;;
137;;Timothea Mountford;VRAI;DR;;;nec molestie;;
138;;Bev Giral;VRAI;DGFIP;;;vitae consectetuer;;
139;;Carolin Menichini;VRAI;DDSS;;;sapien dignissim vestibulum vestibulum ante;;
140;;El Prestidge;VRAI;DR;;;mauris enim;;
141;;Mercie Allon;VRAI;DR;;;ipsum primis in faucibus;;
142;;Katrinka Ruckman;VRAI;DDSS;;;varius nulla;;
143;;Pavla Simonyi;VRAI;DGFIP;;;nisi eu orci mauris lacinia;;
144;;Krissy Higbin;FAUX;DDSS;;;mi pede;;
145;;Henriette Nendick;FAUX;DDSS;;;vestibulum aliquet;;
146;;Friederike Beadell;VRAI;DGFIP;;;vivamus vel;;
147;;Gleda Bernardo;VRAI;DGFIP;;;neque vestibulum;;
148;;Kathy Cottell;VRAI;DR;;;nulla;;
149;;Elise Poli;VRAI;DGFIP;;;ligula in lacus;;
150;;Jackqueline Davidovits;FAUX;DR;;;faucibus orci luctus et;;
151;;Anica Glason;FAUX;DDSS;;;nisl venenatis lacinia aenean;;
152;;North Weerdenburg;VRAI;DR;;;interdum;;
153;;Brigitte Dendon;VRAI;DGFIP;;;lacus;;
154;;Kaila O' Faherty;VRAI;DR;;;fermentum justo;;
155;;Peter O'Riordan;VRAI;DR;;;in faucibus orci;;
156;;Edie Cloutt;VRAI;DR;;;ut;;
157;;Mariele Fleming;VRAI;DGFIP;;;cubilia curae duis faucibus accumsan;;
158;;Parke Albutt;FAUX;DR;;;rutrum ac lobortis vel dapibus;;
159;;Alvan Bellward;VRAI;DDSS;;;consequat ut nulla;;
160;;Trescha Rosoman;VRAI;DGFIP;;;lacinia erat vestibulum sed magna;;
161;;Elset Hardiman;VRAI;DR;;;sapien cum sociis natoque;;
162;;Jacquie Tennick;VRAI;DGFIP;;;nisi vulputate nonummy maecenas;;
163;;Laurice Haney`;VRAI;DR;;;amet cursus id;;
164;;Adela Cloake;VRAI;DDSS;;;eu;;
165;;Roana Maddy;VRAI;DDSS;;;luctus et ultrices posuere cubilia;;
166;;Nessi Tomaszewski;VRAI;DGFIP;;;augue luctus tincidunt nulla;;
167;;Brinna Geaveny;VRAI;DDSS;;;hac;;
168;;Demetris Uridge;VRAI;DGFIP;;;ut nunc vestibulum ante;;
169;;Rubin Pavyer;VRAI;DGFIP;;;primis;;
170;;Minnaminnie Olpin;VRAI;DGFIP;;;tristique in tempus sit;;
171;;William Sisey;VRAI;DDSS;;;nulla ut erat id;;
172;;Eugen Dumbell;VRAI;DR;;;lacinia sapien quis libero;;
173;;Giselle Biaggelli;VRAI;DR;;;imperdiet nullam;;
174;;Corbin Keemer;VRAI;DGFIP;;;platea dictumst;;
175;;Isaiah Luckman;VRAI;DDSS;;;amet;;
176;;Essa Girodias;VRAI;DDSS;;;donec;;
177;;Ryann Durnford;VRAI;DGFIP;;;sapien quis;;
178;;Kaine Pateman;VRAI;DR;;;tempus vel pede morbi porttitor;;
179;;Boris Seccombe;VRAI;DGFIP;;;ligula;;
180;;Kass Burlay;VRAI;DR;;;mi nulla ac enim;;
181;;Toni Gaunt;VRAI;DDSS;;;velit donec diam neque vestibulum;;
182;;Randi Triplett;VRAI;DDSS;;;integer tincidunt;;
183;;Philbert Thurling;VRAI;DDSS;;;in;;
184;;Adella Pernell;VRAI;DGFIP;;;maecenas;;
185;;Nolana Dicke;VRAI;DDSS;;;diam in magna bibendum imperdiet;;
186;;Melita Torrie;VRAI;DR;;;dolor vel est donec odio;;
187;;Isiahi Pedder;VRAI;DGFIP;;;vel enim;;
188;;Ramon Cheesley;VRAI;DR;;;lectus pellentesque eget nunc donec;;
189;;Betty McGilvra;VRAI;DR;;;ipsum integer;;
190;;Gus Fulloway;VRAI;DGFIP;;;eget nunc;;
191;;Lynnea Jerromes;FAUX;DR;;;maecenas;;
192;;Forster Halfacre;FAUX;DGFIP;;;pede ac diam cras pellentesque;;
193;;Susy Dicks;VRAI;DR;;;in imperdiet et commodo;;
194;;Isabelita Wildber;VRAI;DR;;;vestibulum ante;;
195;;Court Pethybridge;VRAI;DGFIP;;;integer pede justo lacinia;;
196;;Amil Wigmore;VRAI;DGFIP;;;amet sapien;;
197;;Fionna Lamonby;VRAI;DR;;;curabitur at ipsum ac;;
198;;Konrad Pitsall;VRAI;DR;;;consequat dui nec;;
199;;Pauli Udie;VRAI;DDSS;;;nunc purus phasellus in;;
200;;Tannie Lidgett;VRAI;DR;;;cras;;
201;;Dahlia Bathersby;VRAI;DGFIP;;;suspendisse;;
202;;Issie Moran;VRAI;DDSS;;;nullam;;
203;;Pollyanna Carlesso;FAUX;DR;;;condimentum;;
204;;Obadiah Ivankov;FAUX;DR;;;sem mauris laoreet ut;;
205;;Clayson Corrington;VRAI;DR;;;ligula in lacus curabitur at;;
206;;Kathye Phillipps;VRAI;DR;;;vestibulum ante ipsum primis;;
207;;Rene Rodenburg;VRAI;DGFIP;;;orci luctus et ultrices;;
208;;Ward Conquer;VRAI;DDSS;;;vulputate luctus cum sociis;;
209;;Kimberley Feldmark;VRAI;DDSS;;;nibh in;;
210;;Dana Varker;FAUX;DR;;;proin eu mi nulla;;
211;;Nadia Cheltnam;VRAI;DR;;;donec posuere metus vitae;;
212;;Marketa Shanklin;VRAI;DGFIP;;;hac habitasse;;
213;;Violette McGrory;VRAI;DGFIP;;;montes nascetur;;
214;;Trescha Heggs;VRAI;DGFIP;;;lacus morbi quis tortor;;
215;;Consuelo Aynold;VRAI;DGFIP;;;amet lobortis sapien;;
216;;Parnell Cheale;VRAI;DGFIP;;;sapien;;
217;;Regen Nial;VRAI;DDSS;;;integer non velit donec;;
218;;Henrie Joyes;VRAI;DDSS;;;id ligula suspendisse;;
219;;Lazar Paulsen;VRAI;DDSS;;;pellentesque ultrices phasellus;;
220;;Jennee Terbruggen;VRAI;DGFIP;;;at turpis donec posuere;;
221;;Freddie How to preserve;VRAI;DR;;;lectus pellentesque at;;
222;;Theadora Cowlas;VRAI;DR;;;in leo;;
223;;Ginevra Wetherburn;FAUX;DGFIP;;;congue elementum in hac habitasse;;
224;;Lottie Swatton;VRAI;DR;;;lobortis est phasellus;;
225;;Jen Charpling;VRAI;DDSS;;;hendrerit at;;
226;;Guss Milne;VRAI;DGFIP;;;bibendum imperdiet;;
227;;Quinn Pippin;VRAI;DDSS;;;in faucibus;;
228;;Norton Meak;VRAI;DDSS;;;ipsum primis in faucibus;;
229;;Marjy Wison;VRAI;DDSS;;;imperdiet sapien urna pretium;;
230;;Chad Doree;VRAI;DGFIP;;;luctus et ultrices posuere;;
231;;Tiff Howden;VRAI;DR;;;phasellus sit;;
232;;Lilllie Baine;VRAI;DR;;;ut rhoncus aliquet pulvinar;;
233;;Alanson Heyburn;VRAI;DDSS;;;nibh fusce;;
234;;Denice Labbez;VRAI;DR;;;volutpat convallis morbi odio odio;;
235;;Loralyn Malim;VRAI;DDSS;;;imperdiet et;;
236;;Chrisy Tremmel;VRAI;DR;;;nisl;;
237;;Ailsun Wonfor;VRAI;DDSS;;;et eros vestibulum;;
238;;Jacky Geill;VRAI;DGFIP;;;nunc;;
239;;Erica Arstingall;VRAI;DDSS;;;nulla suscipit;;
240;;Locke Stubbins;VRAI;DR;;;etiam pretium iaculis justo in;;
241;;Simone Molfino;VRAI;DDSS;;;volutpat;;
242;;Avie Buttler;FAUX;DDSS;;;venenatis;;
243;;Gaby Tieman;VRAI;DDSS;;;parturient montes;;
244;;Bob Tavner;VRAI;DGFIP;;;id consequat in;;
245;;Kayne Macallam;VRAI;DGFIP;;;bibendum felis sed interdum venenatis;;
246;;Bryanty Kerin;VRAI;DR;;;risus praesent lectus;;
247;;Kassandra Bourton;VRAI;DDSS;;;parturient;;
248;;Christean Tatersale;VRAI;DR;;;nunc proin at turpis a;;
249;;Karola Walkley;VRAI;DGFIP;;;ligula;;
250;;Anthe Truce;VRAI;DGFIP;;;lacus;;
251;;Gaspard Jenman;VRAI;DDSS;;;sollicitudin vitae consectetuer;;
252;;Baryram Draycott;VRAI;DDSS;;;posuere cubilia curae;;
253;;Keri Welsby;FAUX;DGFIP;;;penatibus et;;
254;;Jerry Arnow;VRAI;DGFIP;;;libero quis;;
255;;Ingrim Matokhnin;FAUX;DR;;;et magnis dis parturient;;
256;;Tyrus Frankom;VRAI;DDSS;;;praesent id;;
257;;Holt Lawles;FAUX;DGFIP;;;arcu libero rutrum ac lobortis;;
258;;Norris Chalcroft;VRAI;DDSS;;;arcu sed augue;;
259;;Quinlan Chaudron;VRAI;DDSS;;;sociis natoque penatibus et magnis;;
260;;Iggie Finlason;VRAI;DGFIP;;;sapien non;;
261;;Daveta Letchford;FAUX;DGFIP;;;quis;;
262;;Dallas Dorre;VRAI;DDSS;;;sit amet consectetuer adipiscing;;
263;;Gerhardine Harpham;VRAI;DR;;;lacinia eget;;
264;;Marty Pinney;VRAI;DR;;;ultrices phasellus id sapien in;;
265;;Parnell Uff;VRAI;DR;;;dapibus at diam;;
266;;Regen Mountlow;VRAI;DDSS;;;aliquam erat volutpat in;;
267;;Dan Everleigh;VRAI;DGFIP;;;odio elementum eu interdum eu;;
268;;Alessandro Drayn;VRAI;DDSS;;;consectetuer;;
269;;Timmi Yitzhak;FAUX;DGFIP;;;elementum ligula;;
270;;Blinny Camble;VRAI;DDSS;;;molestie nibh;;
271;;Laetitia Hobson;VRAI;DGFIP;;;arcu libero rutrum ac;;
272;;Adrian Dorset;FAUX;DGFIP;;;proin eu mi;;
273;;Gwenette Michallat;FAUX;DGFIP;;;sagittis nam congue;;
274;;Sholom Ivoshin;FAUX;DDSS;;;faucibus cursus;;
275;;Davin Joslin;FAUX;DGFIP;;;varius nulla;;
276;;Theresita Fancett;VRAI;DR;;;in hac habitasse platea dictumst;;
277;;Clementina Ferrillo;VRAI;DR;;;sit amet diam in;;
278;;Essa Alpe;VRAI;DGFIP;;;sem fusce consequat nulla;;
279;;Benjy Hutchinges;VRAI;DGFIP;;;pretium;;
280;;Noella Merrall;VRAI;DGFIP;;;felis sed lacus morbi;;
281;;Ella Greene;VRAI;DDSS;;;lobortis;;
282;;Peadar Lagden;VRAI;DR;;;cubilia curae donec pharetra magna;;
283;;Amaleta Extal;VRAI;DGFIP;;;in faucibus orci luctus;;
284;;Ainsley Kilduff;VRAI;DDSS;;;cubilia curae nulla dapibus;;
285;;Marie Lewry;VRAI;DGFIP;;;donec dapibus;;
286;;Tulley Lotze;FAUX;DDSS;;;in lacus curabitur at ipsum;;
287;;Daryl Dreini;VRAI;DDSS;;;ut rhoncus aliquet;;
288;;Whitaker Filewood;FAUX;DDSS;;;vestibulum quam sapien varius;;
289;;Melli Brandenberg;FAUX;DR;;;convallis;;
290;;Saundra Scarth;FAUX;DR;;;platea dictumst;;
291;;Peter Fanstone;VRAI;DDSS;;;eu felis fusce posuere felis;;
292;;Jobie Balloch;FAUX;DGFIP;;;cras in;;
293;;Nial Ballham;VRAI;DDSS;;;diam;;
294;;Guglielmo Bezant;FAUX;DDSS;;;eget congue;;
295;;Wilton Dekeyser;VRAI;DR;;;sed tincidunt eu;;
296;;Frederich Bogaert;VRAI;DR;;;metus sapien ut nunc;;
297;;Annabella Davidesco;VRAI;DGFIP;;;quam pharetra magna ac;;
298;;Phillip Britt;FAUX;DDSS;;;cursus urna ut;;
299;;Jeremiah Cavendish;VRAI;DR;;;et ultrices posuere cubilia curae;;
300;;Nikola Drane;FAUX;DDSS;;;nam;;
301;;Devi Ecles;VRAI;DR;;;blandit ultrices;;
302;;Gaspard Aulsford;VRAI;DGFIP;;;sed interdum;;
303;;Duffie Hatz;VRAI;DR;;;libero nullam sit amet;;
304;;Agretha Rehn;VRAI;DDSS;;;turpis integer aliquet massa;;
305;;Demetre Dover;VRAI;DGFIP;;;et ultrices posuere cubilia curae;;
306;;My Goodoune;VRAI;DGFIP;;;semper rutrum;;
307;;Marcelo Fancutt;VRAI;DGFIP;;;volutpat sapien arcu;;
308;;Katinka Fallanche;VRAI;DGFIP;;;nunc rhoncus dui vel sem;;
309;;Matilda Devaney;VRAI;DGFIP;;;porttitor pede justo;;
310;;Cami Drewery;VRAI;DR;;;sodales;;
311;;Kippie Popple;VRAI;DDSS;;;justo morbi;;
312;;Kahaleel Bordes;VRAI;DDSS;;;in faucibus orci luctus et;;
313;;Renado Skae;VRAI;DGFIP;;;nec nisi vulputate nonummy;;
314;;Gayle Macken;VRAI;DGFIP;;;justo morbi;;
315;;Caritta De la Yglesia;VRAI;DGFIP;;;massa;;
316;;Alfreda Lindro;VRAI;DR;;;luctus tincidunt nulla mollis;;
317;;Alis Oliffe;VRAI;DGFIP;;;placerat praesent blandit nam nulla;;
318;;Sunshine Pettigree;FAUX;DGFIP;;;lacus morbi sem mauris;;
319;;Darelle Murr;VRAI;DDSS;;;vestibulum quam;;
320;;Arel Mityashin;FAUX;DR;;;convallis morbi odio;;
321;;Berkly Boyford;FAUX;DR;;;turpis integer aliquet massa id;;
322;;Patsy Kennefick;VRAI;DGFIP;;;nisl venenatis lacinia;;
323;;Sky Larder;FAUX;DR;;;congue elementum in;;
324;;Jaclin Willoughey;VRAI;DGFIP;;;nec nisi vulputate nonummy maecenas;;
325;;Nedi Ratnege;VRAI;DR;;;in hac habitasse platea;;
326;;Raquela Flintoff;VRAI;DDSS;;;facilisi cras non velit nec;;
327;;Cary Carding;VRAI;DDSS;;;ipsum aliquam;;
328;;Juliette Gilham;VRAI;DDSS;;;potenti nullam porttitor;;
329;;Perrine Sellan;VRAI;DR;;;lorem;;
330;;Iago Iveans;VRAI;DR;;;mauris;;
331;;Woody Commusso;FAUX;DDSS;;;sit amet consectetuer adipiscing;;
332;;Sabine Gianolo;FAUX;DGFIP;;;vestibulum aliquet;;
333;;Casar Worboys;FAUX;DDSS;;;molestie nibh in lectus pellentesque;;
334;;Ronni Stodhart;VRAI;DR;;;consectetuer adipiscing elit;;
335;;Stacee Yarnall;VRAI;DDSS;;;et ultrices posuere cubilia curae;;
336;;Nathalie Ide;VRAI;DR;;;ultrices aliquet maecenas;;
337;;Lizabeth Tilio;VRAI;DGFIP;;;nunc proin at;;
338;;Atalanta Rush;VRAI;DR;;;augue quam sollicitudin vitae;;
339;;Shari Ganderton;VRAI;DGFIP;;;nulla suscipit ligula;;
340;;Elinore Shipman;VRAI;DDSS;;;maecenas pulvinar lobortis est phasellus;;
341;;Leonore Brownsmith;VRAI;DDSS;;;varius nulla;;
342;;Eleni Gauden;VRAI;DGFIP;;;tristique est et tempus semper;;
343;;George McInteer;VRAI;DGFIP;;;posuere nonummy integer;;
344;;Devland Shailer;VRAI;DGFIP;;;velit nec;;
345;;Ruprecht Reidshaw;VRAI;DDSS;;;sapien;;
346;;Carin Savoury;VRAI;DR;;;sed vel enim sit;;
347;;Dean Schimonek;VRAI;DGFIP;;;diam vitae;;
348;;Merilee Lowton;VRAI;DR;;;gravida;;
349;;Giacobo Tulleth;VRAI;DR;;;integer;;
350;;Aurlie Muzzillo;VRAI;DR;;;sapien a libero nam dui;;
351;;Lenna Quinevan;VRAI;DGFIP;;;luctus;;
352;;Bobbie Arnaldi;VRAI;DR;;;natoque penatibus;;
353;;August O' Hogan;VRAI;DDSS;;;in;;
354;;Arline Aukland;VRAI;DDSS;;;erat volutpat in congue etiam;;
355;;Willem Audrey;VRAI;DDSS;;;ut massa quis;;
356;;Zacharias Trimby;FAUX;DDSS;;;lacinia aenean sit amet;;
357;;Ignatius Geraldo;VRAI;DDSS;;;vel pede morbi;;
358;;Vernen McGilbon;VRAI;DDSS;;;libero rutrum ac lobortis vel;;
359;;Charline Labrow;VRAI;DR;;;ante ipsum primis in faucibus;;
360;;Hirsch Fleg;VRAI;DDSS;;;sed tristique in tempus;;
361;;Davin Gately;FAUX;DDSS;;;donec odio;;
362;;Uta Bartod;FAUX;DDSS;;;vel accumsan tellus;;
363;;Terrence Cavolini;VRAI;DDSS;;;sollicitudin ut;;
364;;Linnell Kinsley;VRAI;DDSS;;;dui;;
365;;Keane Marris;VRAI;DR;;;sapien;;
366;;Stephi Drysdale;VRAI;DDSS;;;vestibulum proin eu mi;;
367;;Andie Gabb;VRAI;DGFIP;;;sapien cursus vestibulum proin eu;;
368;;Mindy Greyes;FAUX;DGFIP;;;neque sapien placerat ante nulla;;
369;;Pascal Hastewell;VRAI;DR;;;donec quis orci;;
370;;Saree Leman;VRAI;DR;;;hac habitasse;;
371;;Helyn Biaggi;VRAI;DDSS;;;orci mauris lacinia sapien quis;;
372;;Ron Esmonde;VRAI;DR;;;risus;;
373;;Laurel Stearne;VRAI;DDSS;;;nec molestie;;
374;;Lance Spens;VRAI;DDSS;;;odio consequat varius;;
375;;Marcelline Lampel;VRAI;DR;;;ligula sit amet;;
376;;Sigrid Cruttenden;VRAI;DDSS;;;dui maecenas;;
377;;Royal Bondy;VRAI;DR;;;luctus nec molestie;;
378;;Pauline Saill;VRAI;DGFIP;;;pede libero quis orci nullam;;
379;;Marianna Cloute;FAUX;DDSS;;;maecenas ut massa quis;;
380;;Sonia Antoney;VRAI;DGFIP;;;faucibus orci luctus;;
381;;Timmy Morsley;FAUX;DR;;;praesent lectus;;
382;;Cherilynn Grimwad;VRAI;DR;;;mi nulla;;
383;;Genny Roberson;FAUX;DR;;;risus auctor sed;;
384;;Audy Whoston;VRAI;DGFIP;;;purus aliquet;;
385;;Frederick McCaughen;VRAI;DGFIP;;;tristique tortor eu pede;;
386;;Mallissa Beekman;VRAI;DR;;;eu;;
387;;Gui Alvin;FAUX;DR;;;est;;
388;;Tasha Engel;VRAI;DGFIP;;;quis;;
389;;Bonni Showell;VRAI;DDSS;;;aenean fermentum donec;;
390;;Arleyne Oty;FAUX;DGFIP;;;rhoncus aliquam;;
391;;Novelia McWard;VRAI;DGFIP;;;sit amet sem fusce;;
392;;Nara Doddemeade;VRAI;DGFIP;;;phasellus;;
393;;Arlina Kunzel;VRAI;DDSS;;;ipsum dolor sit amet consectetuer;;
394;;Ainsley Tuke;VRAI;DDSS;;;ligula nec sem;;
395;;Nicolea MacDaid;VRAI;DGFIP;;;quam;;
396;;Matteo Hovington;VRAI;DGFIP;;;augue a;;
397;;Frants Cheyne;VRAI;DGFIP;;;at lorem integer tincidunt;;
398;;Lorettalorna Lewins;VRAI;DDSS;;;porttitor lacus;;
399;;Peria Grocock;VRAI;DR;;;commodo vulputate;;
400;;Jessika Trighton;VRAI;DR;;;convallis;;
401;;Irena Rutherforth;VRAI;DGFIP;;;aliquet maecenas leo;;
402;;Hedi Baudinelli;VRAI;DDSS;;;nullam;;
403;;Quillan Advani;VRAI;DGFIP;;;eu felis fusce posuere felis;;
404;;Wake Simao;FAUX;DDSS;;;non lectus aliquam sit;;
405;;Jackquelin MacAirt;VRAI;DDSS;;;consectetuer eget;;
406;;Bogart Wigglesworth;VRAI;DR;;;dolor;;
407;;Constantina MacTrusty;VRAI;DGFIP;;;aliquam augue quam sollicitudin;;
408;;Bentlee Studdert;VRAI;DR;;;elementum;;
409;;Deerdre Bawle;FAUX;DGFIP;;;orci luctus et ultrices posuere;;
410;;Una Paliser;FAUX;DR;;;tincidunt eget tempus;;
411;;Vivie Armin;VRAI;DGFIP;;;sagittis nam congue risus;;
412;;Jodee Semered;FAUX;DR;;;justo morbi ut odio cras;;
413;;Justina Handforth;VRAI;DR;;;accumsan tellus nisi eu orci;;
414;;Rori Roostan;VRAI;DDSS;;;a nibh in quis;;
415;;Toma Pentony;VRAI;DGFIP;;;amet eros suspendisse;;
416;;Augustin Filoniere;VRAI;DR;;;ac est lacinia nisi;;
417;;Aggie Massie;FAUX;DGFIP;;;duis mattis egestas metus;;
418;;Marigold Petry;FAUX;DGFIP;;;tempus vivamus in felis eu;;
419;;Jilli Mordecai;VRAI;DDSS;;;fusce consequat nulla nisl;;
420;;Jyoti Huntly;FAUX;DR;;;suscipit a;;
421;;Jolee Croughan;FAUX;DR;;;turpis adipiscing lorem;;
422;;Calli Happer;VRAI;DR;;;vel augue vestibulum;;
423;;Clair Winslow;VRAI;DR;;;nisl nunc nisl;;
424;;Ardelia Ferronier;VRAI;DDSS;;;integer;;
425;;Valina Lebell;VRAI;DGFIP;;;lorem ipsum dolor sit;;
426;;Richart Riehm;VRAI;DGFIP;;;curabitur;;
427;;Shandra Kellog;VRAI;DDSS;;;ac nulla sed;;
428;;Lynnette Idle;VRAI;DR;;;elementum nullam varius;;
429;;Lynda Chartman;VRAI;DGFIP;;;velit nec nisi vulputate nonummy;;
430;;Clem Nevins;VRAI;DR;;;erat;;
431;;Glennie Rosenthal;VRAI;DR;;;pede justo;;
432;;Dyanne Jindacek;VRAI;DGFIP;;;pellentesque ultrices phasellus;;
433;;Karna Egel;VRAI;DR;;;sapien ut nunc;;
434;;Shirl Zorer;VRAI;DDSS;;;a suscipit;;
435;;Patton Brehat;VRAI;DDSS;;;habitasse platea;;
436;;Emilia Furley;VRAI;DR;;;consectetuer adipiscing;;
437;;Lowe O' Connell;VRAI;DDSS;;;molestie;;
438;;Idette Tomson;VRAI;DR;;;lobortis convallis;;
439;;Friederike Castellone;VRAI;DGFIP;;;amet sapien dignissim vestibulum;;
440;;Codie Digle;VRAI;DDSS;;;vulputate nonummy maecenas tincidunt lacus;;
441;;Hedi Polye;VRAI;DGFIP;;;orci;;
442;;Reeba Hens;VRAI;DGFIP;;;pede;;
443;;Christel Jablonski;VRAI;DDSS;;;primis in faucibus orci;;
444;;Heidie Daveley;VRAI;DGFIP;;;faucibus;;
445;;Carina Gotfrey;VRAI;DDSS;;;justo;;
446;;Trey Woollaston;VRAI;DR;;;nisl aenean lectus pellentesque;;
447;;Sharia Onthank;FAUX;DGFIP;;;ac neque;;
448;;Christen Wellesley;VRAI;DGFIP;;;nulla;;
449;;Trenna Dalgleish;VRAI;DDSS;;;nullam molestie nibh;;
450;;Daryn Benjamin;VRAI;DR;;;pellentesque ultrices phasellus;;
451;;Aloin Philipsson;VRAI;DDSS;;;vestibulum;;
452;;Tulley Jefferies;VRAI;DGFIP;;;rhoncus sed vestibulum sit amet;;
453;;Kelley Drains;VRAI;DGFIP;;;luctus;;
454;;Benson Bratley;VRAI;DGFIP;;;velit id pretium iaculis diam;;
455;;Lula Maslin;VRAI;DGFIP;;;nisl nunc;;
456;;Bjorn Loche;VRAI;DDSS;;;nisi;;
457;;Kenneth Cridlon;FAUX;DDSS;;;ullamcorper purus;;
458;;Melanie Dearlove;VRAI;DDSS;;;cras non velit;;
459;;Val Khoter;VRAI;DGFIP;;;enim;;
460;;Nowell Sjollema;VRAI;DR;;;orci nullam;;
461;;Olenolin Muston;FAUX;DGFIP;;;nisl ut volutpat sapien;;
462;;Farah Faulconer;VRAI;DGFIP;;;consectetuer eget rutrum;;
463;;Gaylord Storrie;VRAI;DDSS;;;quis odio consequat varius;;
464;;Richmond Weepers;VRAI;DDSS;;;ac nulla;;
465;;Charlotte Enriques;VRAI;DGFIP;;;sed sagittis nam;;
466;;Emmott Esslemont;VRAI;DR;;;sapien placerat;;
467;;Linzy Pettecrew;VRAI;DR;;;posuere felis sed lacus morbi;;
468;;Corabelle Jeffryes;VRAI;DDSS;;;cras pellentesque volutpat dui;;
469;;Athena Spours;VRAI;DGFIP;;;in hac habitasse platea dictumst;;
470;;Ignacio Kroch;VRAI;DGFIP;;;leo pellentesque ultrices;;
471;;Cass Dello;FAUX;DDSS;;;sit;;
472;;Enid Fawdery;VRAI;DR;;;non ligula pellentesque;;
473;;Dewie Hannah;FAUX;DR;;;id sapien in sapien;;
474;;Osmond Sandlin;VRAI;DDSS;;;habitasse platea;;
475;;Adel Eassom;VRAI;DR;;;neque sapien placerat;;
476;;Jasper Baty;VRAI;DR;;;nullam;;
477;;Seamus St Ledger;VRAI;DDSS;;;sit;;
478;;Shane Hume;VRAI;DGFIP;;;tristique est;;
479;;Elita Elderbrant;VRAI;DGFIP;;;metus;;
480;;Phylys Caroll;VRAI;DDSS;;;nam tristique tortor eu pede;;
481;;Carolann Boulds;VRAI;DR;;;nibh quisque id justo sit;;
482;;Cheri Casterton;VRAI;DR;;;bibendum imperdiet nullam orci pede;;
483;;Nancie Treamayne;VRAI;DDSS;;;quisque arcu libero rutrum;;
484;;Gorden Medlen;FAUX;DDSS;;;nunc vestibulum ante;;
485;;Gabriella Wildt;VRAI;DR;;;pellentesque;;
486;;Elwin Quenell;FAUX;DGFIP;;;eget;;
487;;Anselm Wyatt;VRAI;DR;;;pede morbi porttitor;;
488;;Lorrayne Durrans;VRAI;DDSS;;;sit amet lobortis sapien sapien;;
489;;Emiline Champerlen;VRAI;DGFIP;;;mus;;
490;;Roland Crinidge;VRAI;DDSS;;;est et tempus;;
491;;Lorens Fricke;VRAI;DR;;;adipiscing elit proin interdum;;
492;;Ulrike Ambroisin;FAUX;DGFIP;;;nec condimentum neque;;
493;;Rosemarie Bernardelli;VRAI;DDSS;;;aliquet pulvinar sed nisl nunc;;
494;;Kienan Savage;FAUX;DDSS;;;blandit non interdum;;
495;;Nickie Epelett;VRAI;DR;;;ultrices libero non mattis pulvinar;;
496;;Barton Scading;VRAI;DGFIP;;;quisque id;;
497;;Kevyn Isaak;VRAI;DR;;;viverra diam vitae quam suspendisse;;
498;;Lorens Skeermor;FAUX;DGFIP;;;ultrices libero non mattis;;
499;;Brynn Johl;VRAI;DDSS;;;hac;;
500;;Staci Gouley;VRAI;DGFIP;;;dictumst maecenas ut massa quis;;
501;;Corbett Copes;VRAI;DR;;;justo lacinia;;
502;;Mal Rasor;VRAI;DDSS;;;eu;;
503;;Trish Touzey;VRAI;DGFIP;;;interdum;;
504;;Ludovico Bowden;FAUX;DDSS;;;felis sed interdum venenatis turpis;;
505;;Darya Serrels;VRAI;DDSS;;;pede ullamcorper augue a;;
506;;Gerhard Cacacie;VRAI;DR;;;integer aliquet;;
507;;Walden Redhouse;VRAI;DDSS;;;erat tortor sollicitudin mi sit;;
508;;Julie Curman;VRAI;DGFIP;;;rutrum rutrum;;
509;;Rozalin Courtois;VRAI;DGFIP;;;morbi vel lectus in quam;;
510;;Coralie Learmonth;VRAI;DGFIP;;;tortor risus dapibus augue;;
511;;Frazier Trippitt;FAUX;DDSS;;;felis;;
512;;Ferrel Chestnut;VRAI;DGFIP;;;imperdiet nullam orci pede venenatis;;
513;;Marlowe Burnsyde;VRAI;DR;;;pede;;
514;;Neal Boarer;VRAI;DDSS;;;maecenas leo odio;;
515;;Lind Cuolahan;VRAI;DR;;;phasellus sit amet erat;;
516;;Meredith Winchurst;VRAI;DDSS;;;consectetuer eget rutrum;;
517;;Yurik MacLaughlin;VRAI;DGFIP;;;aliquam non mauris morbi;;
518;;Alexine Krochmann;VRAI;DDSS;;;dui;;
519;;Ursala Prayer;VRAI;DR;;;sed tristique in tempus;;
520;;Teresita Wimlet;VRAI;DGFIP;;;potenti cras in purus eu;;
521;;Claiborne Kernar;VRAI;DR;;;nam congue risus;;
522;;Arie Dreghorn;VRAI;DGFIP;;;vitae nisi nam ultrices libero;;
523;;Madeline Hallatt;FAUX;DR;;;curabitur in libero ut;;
524;;Heda Risso;VRAI;DR;;;vivamus in;;
525;;Janessa Arden;VRAI;DR;;;eros viverra eget congue eget;;
526;;Korry Du Plantier;VRAI;DR;;;vel dapibus at diam nam;;
527;;Berkly Linck;VRAI;DGFIP;;;semper porta volutpat quam;;
528;;Dewitt Wilfling;VRAI;DDSS;;;est;;
529;;Alix Kattenhorn;FAUX;DGFIP;;;lectus;;
530;;Livia Youngman;FAUX;DR;;;molestie nibh in lectus pellentesque;;
531;;Hamil Exton;FAUX;DGFIP;;;lacus curabitur at;;
532;;Hatti Gidney;VRAI;DDSS;;;ultrices erat tortor sollicitudin;;
533;;Florian Whitehall;VRAI;DDSS;;;id consequat in consequat ut;;
534;;Tamas Balcock;VRAI;DR;;;dui maecenas tristique est et;;
535;;Arlyne Kain;VRAI;DDSS;;;feugiat;;
536;;Mollie Fardon;VRAI;DDSS;;;et ultrices posuere cubilia curae;;
537;;Charley Salmond;FAUX;DDSS;;;velit nec nisi vulputate nonummy;;
538;;Amii Yakovich;VRAI;DGFIP;;;et ultrices posuere;;
539;;Eveleen Dahler;FAUX;DDSS;;;diam in magna bibendum imperdiet;;
540;;Madalyn Copnell;VRAI;DDSS;;;fusce consequat nulla nisl nunc;;
541;;Bobbye Coetzee;VRAI;DDSS;;;lorem quisque ut erat curabitur;;
542;;Bertie Dowry;VRAI;DR;;;faucibus orci luctus;;
543;;Ealasaid Soall;VRAI;DGFIP;;;aliquet;;
544;;Jason Roston;VRAI;DR;;;in felis eu sapien cursus;;
545;;Sascha Getcliff;FAUX;DR;;;interdum;;
546;;Olwen Klempke;FAUX;DR;;;ante ipsum primis;;
547;;Sari Spanswick;VRAI;DGFIP;;;vitae nisi nam;;
548;;Gasper Brickell;VRAI;DDSS;;;et magnis dis parturient;;
549;;Baldwin Lovemore;VRAI;DDSS;;;luctus rutrum nulla tellus in;;
550;;Morton Linkin;FAUX;DR;;;ipsum aliquam non;;
551;;Hashim Lazar;VRAI;DDSS;;;sit amet;;
552;;Silvan Hoolaghan;VRAI;DGFIP;;;lacus at velit vivamus vel;;
553;;Valaria Crease;FAUX;DGFIP;;;aenean sit amet;;
554;;Dorry Fritchly;VRAI;DR;;;orci luctus et;;
555;;Susann Bloys;VRAI;DDSS;;;sit amet cursus;;
556;;Rafe Laux;VRAI;DDSS;;;quam;;
557;;Goldina Scotter;VRAI;DDSS;;;consequat in;;
558;;Merci Silverman;VRAI;DR;;;praesent id;;
559;;Stern Thomasen;VRAI;DR;;;sociis natoque penatibus et;;
560;;Weylin Detheridge;VRAI;DDSS;;;lacinia nisi venenatis;;
561;;Dwayne Garrould;VRAI;DR;;;elementum in hac habitasse platea;;
562;;Alejandra Collihole;FAUX;DR;;;non velit donec diam neque;;
563;;Renaldo Wagner;VRAI;DGFIP;;;ac leo;;
564;;Ulrich Jehaes;FAUX;DR;;;at vulputate vitae;;
565;;Amberly Haggith;FAUX;DR;;;quisque arcu libero rutrum;;
566;;Weber Markie;VRAI;DDSS;;;morbi vestibulum velit id pretium;;
567;;Adrienne Carleman;VRAI;DGFIP;;;nibh in lectus;;
568;;Charmine Shermar;VRAI;DR;;;orci mauris lacinia sapien;;
569;;Mae Bartens;FAUX;DDSS;;;duis;;
570;;Giusto Gildroy;VRAI;DDSS;;;varius;;
571;;Ronda Haydock;VRAI;DGFIP;;;interdum;;
572;;Chelsie Lemarie;VRAI;DGFIP;;;diam neque vestibulum eget vulputate;;
573;;Maxim Titmus;VRAI;DR;;;eget;;
574;;Brewster Muscat;VRAI;DGFIP;;;nunc proin at;;
575;;Gaynor Thorold;VRAI;DR;;;in faucibus orci;;
576;;Eric Marten;VRAI;DGFIP;;;sed nisl;;
577;;Helaine Le Breton;VRAI;DR;;;sed;;
578;;Rey Ellerington;FAUX;DR;;;integer ac neque;;
579;;Lorraine Wandrach;VRAI;DGFIP;;;eu;;
580;;Cullen Ciccotto;VRAI;DR;;;aliquam augue quam sollicitudin vitae;;
581;;Marcelle Pierpoint;VRAI;DR;;;leo rhoncus sed vestibulum;;
582;;Ashby Kingescot;VRAI;DGFIP;;;quis odio;;
583;;Kayne Ethridge;VRAI;DR;;;lacus;;
584;;Ranice O'Callaghan;VRAI;DR;;;mi pede malesuada;;
585;;Carissa Astlett;VRAI;DR;;;eu;;
586;;Emmit Melsome;FAUX;DR;;;ligula in lacus curabitur;;
587;;Cal Romagnosi;VRAI;DDSS;;;est et tempus;;
588;;Shandra Mordecai;FAUX;DGFIP;;;volutpat dui maecenas tristique est;;
589;;Brinn Vango;VRAI;DR;;;neque sapien;;
590;;Boy Malek;VRAI;DR;;;porttitor;;
591;;Meryl Brookfield;VRAI;DR;;;ornare consequat lectus in est;;
592;;Amanda Chomley;VRAI;DR;;;vivamus tortor duis mattis;;
593;;Celestyn de Keyser;VRAI;DGFIP;;;augue vestibulum ante ipsum primis;;
594;;Dore Maltman;VRAI;DGFIP;;;congue;;
595;;Delly Ketchell;VRAI;DDSS;;;fusce lacus purus;;
596;;Garrard Peirazzi;VRAI;DR;;;sed vel enim;;
597;;Amy Kirkness;VRAI;DR;;;ante nulla justo aliquam quis;;
598;;Coralie Asche;VRAI;DDSS;;;blandit nam nulla integer pede;;
599;;Desdemona Pidgeon;VRAI;DDSS;;;congue diam;;
600;;Dedie Tomasoni;VRAI;DGFIP;;;urna ut tellus nulla ut;;
601;;Chelsy Crispin;VRAI;DR;;;nec sem duis;;
602;;Woodie La Wille;VRAI;DGFIP;;;pulvinar lobortis est;;
603;;Garnette Flipsen;VRAI;DDSS;;;consequat nulla nisl;;
604;;Umeko Colam;VRAI;DR;;;molestie nibh in;;
605;;Lucian Jewer;VRAI;DDSS;;;at nulla suspendisse;;
606;;Darbee Passler;VRAI;DGFIP;;;id nisl venenatis;;
607;;Elka Binyon;FAUX;DDSS;;;ultrices;;
608;;Vivian Klejin;FAUX;DGFIP;;;dolor sit;;
609;;Florida Lossman;FAUX;DR;;;sed lacus morbi;;
610;;Urbain Falk;VRAI;DGFIP;;;convallis nunc proin at turpis;;
611;;Caesar Walkley;VRAI;DR;;;et ultrices;;
612;;Kariotta Jeenes;VRAI;DGFIP;;;at lorem integer;;
613;;Karleen Senyard;VRAI;DGFIP;;;eu orci mauris lacinia sapien;;
614;;Renie Ritchman;VRAI;DGFIP;;;scelerisque quam;;
615;;Annette Allpress;VRAI;DR;;;sollicitudin vitae consectetuer eget;;
616;;Ursulina Mutlow;VRAI;DGFIP;;;maecenas pulvinar lobortis est phasellus;;
617;;Tanitansy Shipston;VRAI;DR;;;ut;;
618;;Wiatt Sillwood;VRAI;DDSS;;;ultrices mattis odio donec;;
619;;Thurstan Carrel;FAUX;DR;;;urna pretium nisl;;
620;;Joletta Laval;VRAI;DR;;;montes nascetur ridiculus mus vivamus;;
621;;Leontine Eldershaw;VRAI;DR;;;condimentum id luctus;;
622;;Lodovico Kenningley;VRAI;DDSS;;;ut;;
623;;Kandy Ruoff;VRAI;DGFIP;;;sed interdum venenatis turpis;;
624;;Toma Bockh;VRAI;DR;;;in hac habitasse;;
625;;Portie Fulk;VRAI;DDSS;;;dolor sit amet consectetuer adipiscing;;
626;;Bobinette Grevatt;FAUX;DDSS;;;diam erat;;
627;;Dalenna Duckels;VRAI;DGFIP;;;ipsum primis;;
628;;Jorrie Thunder;VRAI;DR;;;ante ipsum primis in;;
629;;Isabelita Dadge;VRAI;DR;;;cubilia;;
630;;Ashly Lace;VRAI;DGFIP;;;ipsum integer a;;
631;;Larine Chanders;VRAI;DDSS;;;posuere;;
632;;Nye Leyzell;FAUX;DGFIP;;;odio condimentum id luctus;;
633;;Talyah Haithwaite;FAUX;DDSS;;;in blandit ultrices enim lorem;;
634;;Ford Bromby;VRAI;DGFIP;;;mattis pulvinar nulla pede;;
635;;Kristo Daws;FAUX;DGFIP;;;luctus tincidunt nulla mollis;;
636;;Gerianne Symondson;VRAI;DDSS;;;non mattis;;
637;;Betsy Draper;VRAI;DDSS;;;facilisi cras non velit;;
638;;Andras Puckey;VRAI;DDSS;;;maecenas rhoncus;;
639;;Arlena Marushak;FAUX;DDSS;;;curae donec;;
640;;Dulcinea Bazelle;VRAI;DDSS;;;vel sem sed;;
641;;Jerrold Speight;VRAI;DR;;;nisl;;
642;;Marysa Jakovijevic;VRAI;DGFIP;;;eget congue eget semper;;
643;;Geoffry Koeppke;VRAI;DR;;;non mattis pulvinar nulla;;
644;;Turner Burrows;VRAI;DR;;;at diam nam tristique tortor;;
645;;Germain Patzelt;VRAI;DGFIP;;;purus phasellus in;;
646;;Kristine Kovnot;VRAI;DGFIP;;;lorem id ligula suspendisse;;
647;;Maximilian Josephoff;VRAI;DDSS;;;vitae;;
648;;Kamila Gladstone;VRAI;DGFIP;;;vestibulum ante ipsum primis;;
649;;Ephrem Dumbar;VRAI;DR;;;blandit ultrices enim lorem ipsum;;
650;;Goraud Hambidge;VRAI;DDSS;;;tincidunt eget;;
651;;Lon Simm;VRAI;DR;;;vivamus tortor duis;;
652;;Florentia MacScherie;VRAI;DDSS;;;vitae quam;;
653;;Velma Skene;VRAI;DDSS;;;rutrum rutrum neque aenean auctor;;
654;;Roddie Krebs;VRAI;DGFIP;;;nunc purus phasellus in;;
655;;Hewe Castells;VRAI;DDSS;;;feugiat non;;
656;;Datha Wigsell;FAUX;DR;;;magna vulputate;;
657;;Katerine Cesconi;VRAI;DR;;;et magnis dis parturient montes;;
658;;Carlina Kielty;VRAI;DDSS;;;posuere cubilia curae;;
659;;Ashly Tring;VRAI;DR;;;aliquet;;
660;;Kathlin Halls;FAUX;DGFIP;;;nulla;;
661;;May Ghidoli;VRAI;DGFIP;;;elementum pellentesque;;
662;;Norby Sooper;FAUX;DDSS;;;sapien quis libero nullam sit;;
663;;Corabella Tudge;VRAI;DR;;;non mi;;
664;;Dick Dyke;VRAI;DDSS;;;rhoncus sed vestibulum;;
665;;Andreana Scotting;VRAI;DDSS;;;eleifend luctus;;
666;;Tremain Katzmann;VRAI;DGFIP;;;et magnis dis parturient;;
667;;Torrie Barney;VRAI;DDSS;;;ut erat id mauris vulputate;;
668;;Doroteya Nisbet;VRAI;DDSS;;;nulla eget eros elementum pellentesque;;
669;;Eva Kisbey;FAUX;DDSS;;;ut odio cras mi;;
670;;Albert Willson;FAUX;DDSS;;;a feugiat et;;
671;;Nanice MacIan;FAUX;DDSS;;;non mi;;
672;;Etheline McCurrie;VRAI;DDSS;;;sollicitudin mi sit amet;;
673;;Dorolisa Worlock;VRAI;DGFIP;;;diam;;
674;;Dewey Ballinger;VRAI;DGFIP;;;ornare consequat lectus in;;
675;;Ranice Fewster;VRAI;DR;;;pede justo eu;;
676;;Noll Ginley;VRAI;DR;;;non mi integer;;
677;;Vergil Rizon;VRAI;DGFIP;;;aenean sit amet;;
678;;Gene Boyington;VRAI;DGFIP;;;elementum;;
679;;Collen Iacivelli;VRAI;DDSS;;;ridiculus mus etiam;;
680;;Leora Lymer;VRAI;DDSS;;;faucibus orci;;
681;;Jemmie Kinnon;VRAI;DGFIP;;;metus;;
682;;Blake Bellefonte;VRAI;DDSS;;;placerat ante nulla;;
683;;Reuben Kilius;VRAI;DGFIP;;;eu sapien cursus vestibulum;;
684;;Reynolds Rosina;VRAI;DGFIP;;;sodales sed;;
685;;Urson Schulz;FAUX;DDSS;;;ultrices posuere cubilia curae mauris;;
686;;Alisa Wetherald;VRAI;DR;;;vel;;
687;;Hunter Bernardotte;VRAI;DDSS;;;elementum ligula vehicula consequat;;
688;;Roana Peaddie;VRAI;DDSS;;;congue vivamus;;
689;;Zaria De Biaggi;VRAI;DGFIP;;;tempus semper est;;
690;;Reeba Caldecot;VRAI;DDSS;;;integer ac leo pellentesque ultrices;;
691;;Pietrek Cahalin;FAUX;DR;;;nibh in hac habitasse;;
692;;Karleen Mouser;FAUX;DDSS;;;quam suspendisse potenti nullam porttitor;;
693;;Christoforo Winks;VRAI;DDSS;;;metus;;
694;;Albina Moreno;VRAI;DDSS;;;mattis nibh;;
695;;Milton Cruickshanks;FAUX;DGFIP;;;a odio in hac habitasse;;
696;;Codie O'Hollegan;VRAI;DGFIP;;;maecenas tristique est et;;
697;;Byrle Shenton;FAUX;DDSS;;;mattis pulvinar nulla pede;;
698;;Far Powner;VRAI;DDSS;;;viverra dapibus nulla suscipit;;
699;;Neila Keating;FAUX;DDSS;;;sem sed sagittis nam congue;;
700;;Sibylla Grealey;VRAI;DDSS;;;augue a suscipit;;
701;;Avis Dossetter;VRAI;DR;;;posuere cubilia curae nulla;;
702;;Wake Deniset;VRAI;DR;;;justo sit;;
703;;Nicholle Florez;FAUX;DGFIP;;;maecenas leo odio;;
704;;Elnora Nowill;VRAI;DR;;;convallis duis consequat;;
705;;Bernardina Waddingham;VRAI;DR;;;odio odio elementum eu interdum;;
706;;Raddie Cutress;VRAI;DR;;;eros vestibulum;;
707;;Ky Kinnerley;VRAI;DGFIP;;;adipiscing molestie hendrerit;;
708;;Arlena Whanstall;FAUX;DGFIP;;;eleifend;;
709;;Riva Savil;VRAI;DDSS;;;nibh in hac;;
710;;Giacomo Ellett;VRAI;DR;;;curae duis faucibus accumsan odio;;
711;;Lelia Josefsson;VRAI;DGFIP;;;tristique tortor eu;;
712;;Leonora Henriquet;VRAI;DDSS;;;ante ipsum;;
713;;Heidie Edwinson;VRAI;DR;;;pretium iaculis diam erat;;
714;;Drake Nell;VRAI;DGFIP;;;a feugiat et eros;;
715;;Sioux Antoney;VRAI;DDSS;;;vestibulum sed magna at;;
716;;Clarice Laflin;VRAI;DGFIP;;;sagittis nam congue;;
717;;Garrot Maffy;FAUX;DR;;;dapibus at diam nam;;
718;;Koressa Huckell;VRAI;DGFIP;;;purus;;
719;;Berty Rubra;VRAI;DDSS;;;id sapien in sapien iaculis;;
720;;Frank Jeppe;VRAI;DDSS;;;ipsum primis in;;
721;;Pippy Dolder;VRAI;DGFIP;;;vel dapibus at;;
722;;Rudd Radloff;VRAI;DGFIP;;;justo in blandit ultrices;;
723;;Jacinta Keener;VRAI;DR;;;eu felis fusce posuere felis;;
724;;Briny Nutton;FAUX;DGFIP;;;interdum;;
725;;Dacie Wavish;VRAI;DDSS;;;pretium iaculis diam erat fermentum;;
726;;Washington Langford;VRAI;DGFIP;;;in faucibus orci;;
727;;Kip Vidgen;VRAI;DDSS;;;ipsum primis in;;
728;;Randal Oulett;VRAI;DR;;;sit amet;;
729;;Evin Tape;FAUX;DDSS;;;ante vivamus tortor;;
730;;Alexandro Katte;FAUX;DR;;;in magna bibendum imperdiet;;
731;;Nettle Fonteyne;VRAI;DR;;;pellentesque volutpat dui maecenas tristique;;
732;;Levon Heggman;VRAI;DR;;;elementum;;
733;;Elmira Zecchi;VRAI;DR;;;nullam porttitor lacus;;
734;;Pen Crauford;VRAI;DR;;;iaculis justo;;
735;;Hebert Thornebarrow;VRAI;DR;;;rhoncus;;
736;;Karlotte Fellenor;FAUX;DR;;;at;;
737;;Ignacius Leed;VRAI;DGFIP;;;integer;;
738;;Colene Martel;FAUX;DDSS;;;vel accumsan tellus nisi eu;;
739;;Brod Ivanikhin;VRAI;DGFIP;;;quam;;
740;;Mycah Sola;VRAI;DR;;;id;;
741;;Celestyna Miner;VRAI;DR;;;ante nulla justo;;
742;;Marris Hocking;VRAI;DDSS;;;in;;
743;;Allie Trussman;VRAI;DDSS;;;eleifend;;
744;;Sherie Gosnoll;FAUX;DR;;;rutrum nulla tellus;;
745;;Leanna Cicculini;VRAI;DGFIP;;;nisl venenatis;;
746;;Shirley Langstrath;VRAI;DR;;;vestibulum rutrum;;
747;;Costanza Ramsier;VRAI;DDSS;;;pellentesque viverra pede ac;;
748;;Adelbert Southorn;FAUX;DDSS;;;felis ut at dolor quis;;
749;;Danyette Fernie;VRAI;DGFIP;;;duis consequat dui nec nisi;;
750;;Boony Jakubowsky;FAUX;DGFIP;;;est congue elementum in hac;;
751;;Petrina Chellam;VRAI;DDSS;;;quam a odio in hac;;
752;;Curry Koeppe;VRAI;DDSS;;;aenean sit amet justo;;
753;;Adara Meads;VRAI;DDSS;;;in;;
754;;Elli Rouch;FAUX;DR;;;pede lobortis ligula;;
755;;Esta Allard;VRAI;DDSS;;;lacus at velit vivamus vel;;
756;;Elissa Enright;FAUX;DDSS;;;quis;;
757;;Hana Cayzer;VRAI;DGFIP;;;nulla elit ac;;
758;;Sula Stenyng;VRAI;DDSS;;;tortor eu;;
759;;Afton Woollam;FAUX;DGFIP;;;eleifend quam a;;
760;;Bibbie Breckin;VRAI;DR;;;turpis enim blandit;;
761;;Judi Tremollet;VRAI;DDSS;;;eros vestibulum ac;;
762;;Alfred Carbert;VRAI;DGFIP;;;mauris non ligula pellentesque;;
763;;Thaddus Gooble;VRAI;DGFIP;;;lacus at turpis;;
764;;Dominic Dyshart;VRAI;DGFIP;;;tempor;;
765;;Hilario Dyneley;VRAI;DGFIP;;;tellus nisi eu;;
766;;Shelden Briscow;VRAI;DGFIP;;;mauris non;;
767;;Skipton Sahnow;VRAI;DR;;;ut suscipit a feugiat et;;
768;;Yoshi Zellick;VRAI;DDSS;;;id ornare imperdiet sapien;;
769;;Kaylil Merrill;VRAI;DR;;;elit proin interdum mauris non;;
770;;Ilaire Eyrl;VRAI;DR;;;ante nulla justo;;
771;;Cyndi Vynarde;FAUX;DDSS;;;arcu sed augue;;
772;;Lori Frude;VRAI;DDSS;;;in sagittis dui;;
773;;Carney Leijs;VRAI;DR;;;aenean sit amet justo;;
774;;Phylis Danilyak;VRAI;DR;;;pede;;
775;;Erminia Goldbourn;VRAI;DDSS;;;pede ullamcorper augue a;;
776;;Gennie Jekel;VRAI;DGFIP;;;sit amet;;
777;;Nora Tocknell;VRAI;DDSS;;;eros;;
778;;Grenville Bottomore;VRAI;DDSS;;;vitae nisl;;
779;;Astrid Alasdair;VRAI;DDSS;;;consequat;;
780;;Verene Agronski;VRAI;DGFIP;;;volutpat erat;;
781;;Stan Ketch;VRAI;DGFIP;;;mi;;
782;;Damita Strute;VRAI;DDSS;;;montes nascetur ridiculus mus;;
783;;Donal Aplin;VRAI;DR;;;id luctus nec molestie sed;;
784;;Egor Calderon;VRAI;DGFIP;;;velit eu est congue;;
785;;Conant Pickring;FAUX;DDSS;;;id luctus nec molestie sed;;
786;;Starlin Macartney;FAUX;DR;;;nec euismod;;
787;;Paten Bendson;VRAI;DDSS;;;phasellus in felis donec semper;;
788;;Claribel Farge;VRAI;DGFIP;;;eu sapien cursus vestibulum proin;;
789;;Zea Artingstall;FAUX;DGFIP;;;eu;;
790;;Nickolai Chisman;FAUX;DGFIP;;;id lobortis convallis tortor risus;;
791;;Shadow Frankis;VRAI;DDSS;;;convallis morbi odio;;
792;;Leanora Montfort;FAUX;DDSS;;;posuere cubilia curae duis;;
793;;Pail Cochern;VRAI;DDSS;;;ultrices;;
794;;Cybil Conachie;VRAI;DDSS;;;ante;;
795;;Ellene Robjant;VRAI;DGFIP;;;tristique in tempus sit;;
796;;Garey Harrop;VRAI;DGFIP;;;amet;;
797;;Felisha Grolmann;FAUX;DR;;;curabitur at;;
798;;Arlyn Oag;VRAI;DDSS;;;maecenas leo;;
799;;Siana Cogman;VRAI;DDSS;;;ut ultrices vel augue vestibulum;;
800;;Talbert Ballinghall;VRAI;DR;;;non velit;;
801;;De witt Bellany;FAUX;DR;;;orci pede venenatis non;;
802;;Norry Darco;VRAI;DDSS;;;aenean auctor gravida sem praesent;;
803;;Kale Ruffy;FAUX;DDSS;;;lectus aliquam sit amet diam;;
804;;Tonie Spadaro;VRAI;DR;;;platea dictumst;;
805;;Kassia Toller;VRAI;DDSS;;;cursus urna ut;;
806;;Astra Arlet;VRAI;DGFIP;;;in sapien iaculis;;
807;;Rahel Tocque;VRAI;DDSS;;;libero;;
808;;Marjory McGourty;VRAI;DDSS;;;eleifend donec ut dolor;;
809;;August Pittam;VRAI;DGFIP;;;non velit donec diam neque;;
810;;Alfonso Parslow;FAUX;DR;;;eros suspendisse accumsan tortor quis;;
811;;June Doorey;VRAI;DDSS;;;nisl aenean lectus;;
812;;Mitchell Marion;VRAI;DR;;;est;;
813;;Benedict Hayter;VRAI;DDSS;;;nisl duis bibendum felis sed;;
814;;Elna Tonnesen;VRAI;DDSS;;;volutpat;;
815;;Brena Dibb;VRAI;DR;;;nunc nisl;;
816;;Boris Zywicki;VRAI;DGFIP;;;nulla mollis molestie lorem;;
817;;Timotheus Thonger;VRAI;DGFIP;;;vel;;
818;;Bryn Sommer;VRAI;DDSS;;;non quam nec dui;;
819;;Rubie Gorvette;VRAI;DR;;;rhoncus aliquam lacus morbi quis;;
820;;Sonnie Renvoys;VRAI;DR;;;aenean auctor gravida;;
821;;Rhiamon Woodington;VRAI;DR;;;mollis;;
822;;Bertrand Matushevich;VRAI;DR;;;est risus auctor;;
823;;Nadine Cassie;VRAI;DDSS;;;parturient montes nascetur ridiculus mus;;
824;;Rianon Gianulli;VRAI;DGFIP;;;quam nec dui luctus rutrum;;
825;;Katha Danis;FAUX;DGFIP;;;luctus et ultrices;;
826;;Camey Pile;VRAI;DDSS;;;id mauris;;
827;;Mark Roft;VRAI;DR;;;maecenas leo odio;;
828;;Marilin Gino;VRAI;DGFIP;;;sapien cum sociis natoque penatibus;;
829;;Vasilis Cossington;VRAI;DDSS;;;curabitur convallis duis consequat;;
830;;Christean Orrice;VRAI;DGFIP;;;quisque porta;;
831;;Hollyanne Braunes;VRAI;DR;;;mi nulla ac;;
832;;Emelen Cattenach;FAUX;DGFIP;;;in;;
833;;Torey Ludy;VRAI;DR;;;cum;;
834;;Rhodie Burrells;FAUX;DDSS;;;tincidunt eu felis fusce posuere;;
835;;Britt Poznan;VRAI;DR;;;quisque porta volutpat erat quisque;;
836;;Baryram Borrill;VRAI;DDSS;;;nisl nunc;;
837;;Becky Haversham;VRAI;DDSS;;;congue diam;;
838;;Hansiain Sibylla;VRAI;DGFIP;;;dis parturient;;
839;;Tammi Oriel;VRAI;DDSS;;;amet sem fusce consequat;;
840;;Portia Gelly;VRAI;DGFIP;;;imperdiet et commodo vulputate justo;;
841;;Shel Cathrae;VRAI;DGFIP;;;ac;;
842;;Lena Edmott;VRAI;DGFIP;;;feugiat et eros;;
843;;Konrad Covill;VRAI;DR;;;tincidunt ante vel ipsum;;
844;;Ruby Need;VRAI;DGFIP;;;ac est lacinia nisi venenatis;;
845;;Janie Dallman;FAUX;DDSS;;;sapien varius ut;;
846;;Daune Bantham;VRAI;DGFIP;;;nam dui proin leo odio;;
847;;Gilburt Johnigan;VRAI;DGFIP;;;cras in purus;;
848;;Ranice Sommerscales;VRAI;DGFIP;;;nulla ultrices aliquet maecenas leo;;
849;;Ric Eveleigh;VRAI;DDSS;;;vestibulum;;
850;;Auroora Quarmby;VRAI;DDSS;;;enim blandit;;
851;;Ashley Elner;FAUX;DDSS;;;tristique est;;
852;;Ayn Heaffey;FAUX;DR;;;sit amet nulla quisque;;
853;;Nat Greenhall;VRAI;DGFIP;;;nulla suspendisse potenti;;
854;;Philippine Mitskevich;VRAI;DDSS;;;a;;
855;;Brocky Malthouse;VRAI;DGFIP;;;aenean fermentum donec ut mauris;;
856;;Alastair Bendley;VRAI;DGFIP;;;diam in;;
857;;Tedie Waterman;VRAI;DGFIP;;;libero nam dui proin leo;;
858;;Shelagh Harvatt;VRAI;DR;;;nulla ac enim in;;
859;;Callie Eckh;FAUX;DGFIP;;;aenean fermentum donec;;
860;;Jordain Stratiff;VRAI;DR;;;scelerisque mauris;;
861;;Rosette Devonish;VRAI;DDSS;;;vel augue vestibulum ante;;
862;;Avie Wormald;VRAI;DR;;;quam sollicitudin;;
863;;Dorey Yankin;VRAI;DDSS;;;nunc rhoncus dui vel sem;;
864;;Kelly Gaythor;VRAI;DGFIP;;;integer tincidunt ante vel;;
865;;Huberto Kerridge;VRAI;DR;;;turpis elementum ligula vehicula;;
866;;Avigdor Bettam;FAUX;DGFIP;;;sed tristique in;;
867;;Adamo Ludgrove;VRAI;DR;;;dui;;
868;;Orelle Simner;VRAI;DR;;;ultrices enim lorem;;
869;;Leslie Beranek;VRAI;DR;;;luctus;;
870;;Kial Courtney;VRAI;DDSS;;;posuere;;
871;;Wanids Gilbane;FAUX;DDSS;;;non;;
872;;Gregg Macieiczyk;VRAI;DR;;;eu magna vulputate;;
873;;Janessa Zorro;VRAI;DR;;;elit proin interdum mauris non;;
874;;Cris Stiell;FAUX;DDSS;;;massa id nisl venenatis lacinia;;
875;;Milty Jenner;VRAI;DGFIP;;;tincidunt nulla mollis molestie;;
876;;Caro Cassey;VRAI;DDSS;;;lectus in est risus auctor;;
877;;Emma Sloane;VRAI;DR;;;dolor;;
878;;Hashim Gillie;VRAI;DGFIP;;;potenti nullam porttitor lacus at;;
879;;Petronilla Selway;VRAI;DGFIP;;;neque libero;;
880;;Fanchette Macci;VRAI;DGFIP;;;ac;;
881;;Sharia Grzegorczyk;FAUX;DGFIP;;;tristique in tempus sit;;
882;;Doroteya O'Duilleain;FAUX;DGFIP;;;nec euismod scelerisque quam turpis;;
883;;Morlee Harradence;VRAI;DGFIP;;;vulputate;;
884;;Lauralee Syalvester;FAUX;DR;;;ut erat curabitur gravida;;
885;;Dalli Ten Broek;VRAI;DGFIP;;;lectus aliquam;;
886;;Xymenes Donat;VRAI;DDSS;;;eget eleifend luctus;;
887;;Annice Syce;VRAI;DR;;;vulputate;;
888;;Martyn Beresford;VRAI;DR;;;ultrices aliquet maecenas;;
889;;Coleen Corey;VRAI;DGFIP;;;augue luctus tincidunt;;
890;;Dasie Lowden;VRAI;DR;;;in tempus sit amet sem;;
891;;Lucien Poyser;VRAI;DDSS;;;turpis;;
892;;Ailee Barber;VRAI;DGFIP;;;pede ullamcorper augue a suscipit;;
893;;Max Anderbrugge;VRAI;DR;;;ac consequat metus;;
894;;Gannie Hablot;VRAI;DGFIP;;;in felis eu;;
895;;Alphonse Lean;VRAI;DGFIP;;;dui vel nisl;;
896;;Cathee Legendre;VRAI;DGFIP;;;in tempor;;
897;;Burch Tuhy;VRAI;DDSS;;;duis ac nibh fusce;;
898;;Mignon Starzaker;VRAI;DGFIP;;;consequat;;
899;;Lynett Sewter;VRAI;DGFIP;;;arcu sed augue;;
900;;Emera Tabourel;VRAI;DDSS;;;in;;
901;;Giacopo Satterfitt;VRAI;DGFIP;;;augue luctus tincidunt;;
902;;Consolata Brugden;VRAI;DR;;;rhoncus;;
903;;Idell MacAfee;VRAI;DDSS;;;magnis dis parturient montes nascetur;;
904;;Ariel Tumioto;VRAI;DDSS;;;tempus;;
905;;Cecily Wilstead;VRAI;DGFIP;;;ultrices;;
906;;Harriott Ashpole;VRAI;DR;;;justo;;
907;;Isacco Holdey;VRAI;DGFIP;;;non mauris morbi non lectus;;
908;;Ebony Fishleigh;VRAI;DR;;;orci;;
909;;Valene Inmett;FAUX;DGFIP;;;lectus pellentesque;;
910;;Jamie Dunbleton;FAUX;DR;;;rutrum nulla;;
911;;Arri Ferrettino;VRAI;DDSS;;;semper rutrum nulla nunc purus;;
912;;Bernete Luquet;VRAI;DR;;;sapien dignissim vestibulum vestibulum ante;;
913;;Alard Halgarth;VRAI;DGFIP;;;vel augue vestibulum;;
914;;Danie Thebe;VRAI;DR;;;a;;
915;;Basil Makepeace;FAUX;DGFIP;;;ut massa volutpat convallis morbi;;
916;;Debi Sidery;VRAI;DR;;;ac nulla sed vel;;
917;;Stace Roseveare;VRAI;DR;;;montes;;
918;;Horten MacEllen;VRAI;DGFIP;;;sed tincidunt;;
919;;Krista Wanden;VRAI;DDSS;;;consequat;;
920;;Crosby Mingay;VRAI;DR;;;etiam faucibus cursus urna;;
921;;Christiano Loughran;VRAI;DGFIP;;;sagittis sapien;;
922;;Rebe Housam;VRAI;DDSS;;;congue elementum;;
923;;Katerine Staley;VRAI;DR;;;vehicula;;
924;;Freida Hadden;VRAI;DDSS;;;nullam;;
925;;Philomena Kirstein;VRAI;DDSS;;;sed lacus morbi;;
926;;Gino Pascow;VRAI;DGFIP;;;ligula;;
927;;Thatcher Aksell;VRAI;DR;;;velit eu est congue elementum;;
928;;Hedvig Carles;VRAI;DR;;;varius integer;;
929;;Mitchel Manford;VRAI;DR;;;in tempor turpis;;
930;;Dorris Springate;VRAI;DGFIP;;;integer ac;;
931;;Haleigh Tomkins;VRAI;DDSS;;;sit amet cursus id turpis;;
932;;Alexina Ruben;VRAI;DR;;;eleifend quam a odio in;;
933;;Cooper Coulling;VRAI;DGFIP;;;curae donec pharetra magna;;
934;;Bond Hammel;VRAI;DGFIP;;;luctus cum sociis natoque penatibus;;
935;;Albrecht Thunnerclef;VRAI;DDSS;;;curabitur in libero;;
936;;Thoma Van der Brug;FAUX;DR;;;nec;;
937;;Katey MacWilliam;VRAI;DDSS;;;cum sociis natoque;;
938;;Gilli Locarno;VRAI;DGFIP;;;suspendisse potenti;;
939;;Abbe Van der Kruis;VRAI;DR;;;non velit nec;;
940;;Helga Jaram;FAUX;DGFIP;;;morbi odio odio elementum eu;;
941;;Amata Clubb;VRAI;DR;;;at nulla suspendisse potenti;;
942;;Penelopa Patience;VRAI;DGFIP;;;ut massa quis augue;;
943;;Star Opie;VRAI;DDSS;;;vitae mattis;;
944;;Anne-corinne Kidwell;VRAI;DGFIP;;;aliquet at feugiat non;;
945;;Moe Sandford;VRAI;DR;;;in magna bibendum;;
946;;Melisenda Lagden;VRAI;DR;;;primis in faucibus orci luctus;;
947;;Margalit Scarfe;FAUX;DGFIP;;;ornare imperdiet sapien;;
948;;Loraine Kingsnoad;VRAI;DDSS;;;eu felis fusce posuere felis;;
949;;Nancee Whitmore;VRAI;DDSS;;;morbi sem mauris laoreet ut;;
950;;Marjorie MacVanamy;FAUX;DGFIP;;;metus sapien ut nunc vestibulum;;
951;;Ezechiel Aisthorpe;VRAI;DDSS;;;eu sapien cursus vestibulum;;
952;;Mareah Harly;VRAI;DGFIP;;;donec ut mauris eget;;
953;;Xerxes Braywood;FAUX;DR;;;integer pede;;
954;;Wolfy Hearn;VRAI;DGFIP;;;massa;;
955;;Mohandas Swine;VRAI;DGFIP;;;duis;;
956;;Reg Gethings;VRAI;DR;;;pede ullamcorper;;
957;;Wallis Carnihan;VRAI;DGFIP;;;non;;
958;;Rosetta Pieroni;VRAI;DR;;;sed lacus morbi;;
959;;Brigitta Gosford;VRAI;DGFIP;;;venenatis;;
960;;Matthiew Donet;FAUX;DR;;;vulputate justo in blandit ultrices;;
961;;Elvira Rapier;VRAI;DR;;;metus aenean fermentum donec ut;;
962;;Corene Rogerot;VRAI;DGFIP;;;leo odio;;
963;;Bern Longfoot;VRAI;DGFIP;;;orci nullam molestie nibh in;;
964;;Brigham McErlaine;VRAI;DR;;;at nulla;;
965;;Jakie MacCafferky;VRAI;DDSS;;;amet lobortis sapien;;
966;;Rhett Bools;VRAI;DGFIP;;;quis augue luctus tincidunt nulla;;
967;;Caryn Meharg;FAUX;DGFIP;;;porttitor lacus;;
968;;Cynthea Redmayne;FAUX;DR;;;morbi porttitor;;
969;;Silvia Dack;VRAI;DDSS;;;turpis nec euismod scelerisque quam;;
970;;Esta Grolle;VRAI;DGFIP;;;ut dolor morbi;;
971;;Ambrosio Rannells;VRAI;DDSS;;;eu tincidunt in leo;;
972;;Lyssa Wantling;VRAI;DR;;;fusce consequat nulla nisl nunc;;
973;;Clarice Fausch;FAUX;DGFIP;;;accumsan tellus;;
974;;Donn Geldard;VRAI;DGFIP;;;nulla;;
975;;Jefferey McGeagh;VRAI;DR;;;euismod scelerisque quam turpis;;
976;;Clayson Landsborough;VRAI;DGFIP;;;praesent id massa;;
977;;Westbrook Peasnone;FAUX;DGFIP;;;tortor id nulla;;
978;;Devon Tomaszczyk;FAUX;DR;;;nec euismod scelerisque quam;;
979;;Nels Baggallay;VRAI;DGFIP;;;nunc;;
980;;Jaynell Denis;FAUX;DDSS;;;at nunc commodo placerat praesent;;
981;;Riobard Burree;FAUX;DDSS;;;tempor turpis nec euismod scelerisque;;
982;;Kerr Michelle;VRAI;DR;;;odio in;;
983;;Quintilla Schneidar;FAUX;DDSS;;;est;;
984;;Harald Raxworthy;VRAI;DDSS;;;duis;;
985;;Rebecca Ionnisian;VRAI;DDSS;;;commodo vulputate justo in;;
986;;Kellen Cromleholme;VRAI;DDSS;;;libero non mattis pulvinar nulla;;
987;;Crystie Fiddeman;FAUX;DR;;;pede;;
988;;Feodora Gorgen;FAUX;DR;;;mi in porttitor;;
989;;Junina Tomankowski;VRAI;DGFIP;;;sed tristique;;
990;;Amaleta Reside;VRAI;DDSS;;;elementum eu interdum eu tincidunt;;
991;;Ladonna Simcox;FAUX;DGFIP;;;phasellus id sapien in;;
992;;Karissa Ipsly;VRAI;DGFIP;;;primis in faucibus orci;;
993;;Hammad Emmot;FAUX;DGFIP;;;et ultrices posuere;;
994;;Bevan Giles;VRAI;DR;;;nunc donec quis;;
995;;Gabi Richardeau;VRAI;DDSS;;;a libero;;
996;;Sybila Manketell;VRAI;DDSS;;;erat tortor;;
997;;Thorstein Rappaport;VRAI;DDSS;;;donec quis;;
998;;Erna McNickle;VRAI;DR;;;vel lectus in;;
999;;Guendolen Sankey;VRAI;DGFIP;;;leo maecenas pulvinar lobortis;;
1000;;Stevana Sander;VRAI;DGFIP;;;augue quam;;
